text,show
В 2025 году ваши мечты начнут сбываться.,0
"Открыв свое сердце, вы подарите миру свет.",0
На вашем пути будут только добрые встречи.,0
В 2025 году счастье станет вашим постоянным спутником.,0
Принимайте каждый новый день с благодарностью.,0
Вы создадите незабываемые воспоминания с близкими.,0
В 2025 году вы поймете силу своей энергии.,0
"Следуя своим сердечным импульсам, вы найдете гармонию.",0
Улыбки людей вокруг создадут круговорот тепла.,0
Каждый новый день приведет к чудесным открытиям.,0
В 2025 году забудьте о страхах — только вперед!,0
"Доброта, которую вы дарите, вернется к вам вдвойне.",0
Откройте глаза на красоту вокруг — она вдохновляет.,0
Вас ждут моменты волшебства в каждом дне.,0
Проявляйте благодарность — это ключ к счастью.,0
Каждый случайный момент может стать особенным.,0
Пусть ваша интуиция ведет к новым свершениям.,0
Настройте себя на позитивные изменения — они близко.,0
Бегство от рутины приведет к новым открытиям.,0
Вы привнесете в мир свою красоту и радость.,0
В 2025 году смех откроет множество дверей.,0
Ваше увлечение станет источником неиссякаемого вдохновения.,0
Каждое ваше слово отразит любовь и мудрость.,0
В этом году вы испытаете истинное единение с природой.,0
"Наступает время, когда мечты становятся реальностью.",0
"Отпустив прошлое, вы откроете новую главу жизни.",0
Ваши страсти откроют двери к долгожданным переменам.,0
В 2025 году вы обретете любимое занятие для души.,0
Новый год — ваш шанс стать вдохновением для других.,0
Вы станете источником света для других людей.,0
В 2025 году ваше сердце станет проводником счастья.,0
"Всё, что вы ищете, уже внутри вас.",0
Удивительные знакомства ожидают вас в этом году.,0
Вы откроете новые горизонты и радости жизни.,0
Ощущение счастья будет с вами ежедневно — замечайте.,0
Разрешите себе мечтать — это ключ к успеху.,0
Объедините свои таланты с новыми возможностями в работе.,0
Новый год станет началом новых взаимоотношений.,0
Ваша улыбка станет источником вдохновения для других.,0
Откройте свое сердце — оно обретёт мощную силу.,0
2025 год будет полон незабываемых моментов с близкими.,0
Ваш внутренний свет будет освещать все вокруг.,0
"Вы свяжетесь с природой, обретете тихий покой.",0
В каждом мгновении есть красота — научитесь ценить.,0
"Создайте традиции, которые принесут радость вам и вашим близким.",0
Вы ощутите себя частью чего-то большего — удивительного.,0
Путешествие к своим мечтам начнется в Новом Году.,0
Ваша внутреняя сила позволит вам быть лидером.,0
Этот год — время для реализации смелых идей.,0
Вы будете вдохновлены окружающим миром и красотой.,0
В этом году вы будете вдохновением для других.,0
2025 год наполнит вашу жизнь яркими моментами.,0
Вы откроете для себя новый источник вдохновения в 2025 году.,0
Ощушение волшебства будет всегда рядом с вами.,0
Ваша искренность станет привлекательной для окружающих.,0
В 2025 году вы ощутите подъем своей энергии.,0
Каждое утро дарит новую возможность — используйте её.,0
2025 год — это время для самовыражения и творчества.,0
Ваша доброта станет магнитом для новых связей.,0
Рядом с вами будут верные единомышленники и друзья.,0
Уделяйте время своим увлечениям — это важно для вас.,0
Вы создадите атмосферу уюта и тепла в доме.,0
В 2025 году начнется новая эра ваших свершений.,0
2025 год станет годом вашего личного роста.,0
2025 год принесёт удивительные достижения и радость.,0
"В 2025 году вы будете сиять ярче, чем когда-либо.",0
Каждое ваше решение станет ключевым для успеха.,0
Ваша вера в себя сделает чудеса возможными.,0
2025 год принесет множество приятных сюрпризов.,0
2025 год позволит раскрыть все ваши таланты.,0
2025 год поможет сформировать надежные связи со всеми.,0
2025 год принесет уникальные возможности — воспользуйтесь ими!,0
2025 - это год ваших побед и радостных свершений.,0
Ваша творческая энергия приведет к удивительным проектам.,0
Пробуждение чувств станет основой вашего счастья.,0
2025 год принесет изобилие счастья и радости.,0
2025 год станет временем тепла и любви в сердца.,0
Сердечные разговоры украсят ваши дни в новом году.,0
2025 год станет полным радостных открытий и достижений.,0
В 2025 году ваши идеи вдохновят окружающих на новые свершения.,0
В 2025 году вы найдете гармонию в каждом мгновении.,0
В 2025 году каждый шаг будет вести к успеху.,0
В 2025 году ваша энергия притянет только положительные события.,0
В 2025 году вас ждет множество приятных сюрпризов.,0
В 2025 вы наполните жизнь радостью и светом.,0
В 2025 каждый ваш выбор станет шагом к мечте.,0
В 2025 году вашей жизни придаст яркость искреннее общение.,0
В 2025 году уверенность в себе приведет к великим достижениям.,0
В 2025 каждый день будет возможностью для роста и развития.,0
В 2025 году вы станете магнитом для хороших событий.,0
В 2025 в каждом взгляде найдёте отражение вашего внутреннего света.,0
В 2025 году стремитесь к своим целям с радостью и оптимизмом.,0
В 2025 году вы станете автором своей удивительной истории счастья.,0
В 2025 году ваш внутренний свет будет освещать путь другим.,0
В 2025 году каждый день станет шагом к великой мечте.,0
В 2025 вся ваша работа станет предметом гордости.,0
В 2025 году каждая встреча будет значимой и особенной.,0
В 2025 году ваша креативность откроет новые горизонты.,0
В 2025 году ваша аура будет манить позитивных людей.,0
В 2025 вас ожидает множество радостных открытий и встреч.,0
2025 год добавит вашей жизни краски любви и тепла.,0
В 2025 году ваши ожидания и реальность станут одним целым.,0
В 2025 каждый день будет шагом к вашим целям и мечтам.,0
В 2025 году ваша любовь к жизни будет заразительной.,0
В 2025 году ваша жизнь станет прекрасной симфонией счастья.,0
"В 2025 году вы сблизитесь с теми, кто наполняет свою жизнь светом.",0
В 2025 году жизнь станет сладким и гармоничным путешествием.,0
В 2025 году вы будете светом для окружающих вас людей.,0
"В 2025 году вы будете верны своим принципам, и успех не заставит себя ждать.",0
В 2025 году вы зажжёте своё сердце огнем страсти и творчества.,0
В 2025 году ваши слова будут источником вдохновения.,0
В 2025 году удача станет вашим спутником на каждом шаге.,0
"В 2025 году вы построите гармоничную жизнь, полную положительных эмоций.",0
В 2025 году вы откроете новые горизонты своего счастья.,0
В 2025 каждый новый день будет дарить вам новое вдохновение.,0
В 2025 году вам не избежать осуществления ваших самых сокровенных желаний.,0
В 2025 используйте каждую возможность для движения вперед.,0
В 2025 году ваша жизнь станет непрерывной симфонией радости и счастья.,0
В 2025 году ваша светлая энергия будет притягивать нужных людей.,0
"В 2025 году вы откроете в себе новые таланты и поймёте, что всё возможно.",0
В 2025 году жизнь подарит вам незабываемые моменты счастья и радости.,0
"В 2025 году путешествия откроют перед вами мир, полный удивительных открытий.",0
В 2025 году вы найдёте гармонию внутри себя и сможете наслаждаться каждым днём.,0
"В 2025 году удача будет на вашей стороне, и вы сможете достичь поставленных целей.",0
В 2025 году здоровье и благополучие станут вашими верными спутниками.,0
"В 2025 году мечты станут реальностью, и вы сможете наслаждаться каждым мгновением жизни.",0
"В 2025 году вы найдёте баланс между работой и личной жизнью, что сделает вас счастливее.",0
"В 2025 году вы станете примером для других, показывая, что невозможное возможно.",0
"В 2025 году вы погрузитесь в мир искусства и творчества, который принесёт вам вдохновение.",0
"В 2025 году вас ждут новые знакомства, которые принесут радость и поддержку.",0
"В 2025 году вы получите новые знания и навыки, которые помогут вам расти и развиваться.",0
"В 2025 году вы найдёте новые увлечения, которые сделают вашу жизнь ярче.",0
В 2025 году удача и успех будут сопутствовать вам во всех начинаниях.,0
В 2025 году вы научитесь ценить моменты счастья и радоваться каждому дню.,0
"В 2025 году удача улыбнётся вам, и вы сможете осуществить свои мечты.",0
В 2025 году вы найдёте вдохновение в природе и сможете насладиться её красотой.,0
"В 2025 году вас ждёт успех в личной жизни, и вы сможете найти настоящую любовь.",0
"В 2025 году вас ждёт успех в карьере, и вы сможете реализовать свой потенциал.",0
"В 2025 году удача будет сопутствовать вам во всех начинаниях, и вы сможете достичь успеха.",0
"В 2025 году удача будет благосклонна к вам, и вы сможете воплотить свои мечты в жизнь.",0
В 2025 году вы найдёте гармонию в душе и сможете наслаждаться каждым днём.,0
"В 2025 году вас ждёт успех в творчестве, и вы сможете реализовать свой творческий потенциал.",0
"В 2025 году удача будет сопутствовать вам, и вы сможете достичь финансового благополучия.",0
В 2025 году вы обретёте внутреннюю гармонию и сможете наслаждаться каждым моментом.,0
"В 2025 году удача будет на вашей стороне, и вы сможете достичь своих целей.",0
"В 2025 году вас ждёт успех в путешествиях, и вы сможете открыть для себя новые горизонты.",0
"В 2025 году удача будет сопутствовать вам, и вы сможете осуществить свои мечты.",0
"В 2025 году вы обретете новые интересы и увлечения, что сделает вашу жизнь более насыщенной.",0
"В 2025 году вас ждет успех в саморазвитии, и вы сможете стать лучшей версией себя.",0
"В 2025 году вы ощутите радость от каждого дня, что сделает вашу жизнь более счастливой.",0
"В 2025 году вы расширите свой круг общения, что принесет вам новые впечатления и знакомства.",0
"В 2025 году вас ждет гармония в отношениях с близкими, что сделает вашу жизнь более радостной.",0
"В 2025 году удача будет сопутствовать вам в финансовых вопросах, что позволит вам улучшить свое материальное положение.",0
"В 2025 году вас ждет успех в творчестве, что позволит вам выразить себя и свои эмоции.",0
"В 2025 году вас ждет успех в карьере, что позволит вам достичь профессиональных целей.",0
"В 2025 году удача будет радовать вас приятными сюрпризами, что сделает вашу жизнь ярче.",0
"В 2025 году вы ощутите прилив вдохновения, что позволит вам создать что-то новое и интересное.",0
"В 2025 году вы почувствуете прилив энергии, что позволит вам реализовать свои планы и мечты.",0
"В 2025 году удача будет улыбаться вам на каждом шагу, что позволит вам достичь успеха в любых начинаниях.",0
"В 2025 году вы поймете, что все возможно, что позволит вам воплотить в жизнь самые смелые мечты.",0
"В 2025 году вы станете лучшей версией себя, что позволит вам наслаждаться каждым моментом жизни.",0
"В 2025 году удача будет сопутствовать вам в любых начинаниях, что позволит вам достичь любых целей.",0
В 2025 году вас ждут великие свершения — верьте в свои силы.,0
В 2025 году каждый день будет наполнен радостью и счастьем.,0
"В 2025 году вы встретите людей, которые изменят вашу жизнь к лучшему.",0
В 2025 году каждое утро будет начинаться с улыбки и благодарности.,0
В 2025 году вы найдете вдохновение в самых неожиданных местах.,0
В 2025 году ваши мечты начнут сбываться с удивительной скоростью.,0
В 2025 году вас ждут удивительные путешествия и открытия.,0
"В 2025 году вы встретите свою вторую половинку, если еще не нашли ее.",0
В 2025 году вас ждут незабываемые моменты с семьей и друзьями.,0
В 2025 году вы сможете осуществить свои самые смелые планы.,0
В 2025 году вас ждут приятные сюрпризы и подарки.,0
В 2025 году вы будете чувствовать себя невероятно счастливым человеком.,0
В 2025 году вас ждут яркие и запоминающиеся события.,0
В 2025 году вы будете наслаждаться каждым моментом своей жизни.,0
В 2025 году вас ждут новые знакомства и интересные встречи.,0
В 2025 году вы будете окружены позитивными и добрыми людьми.,0
В 2025 году вы сможете осуществить свои самые заветные мечты.,0
В 2025 году вас ждут удивительные приключения и впечатления.,0
В 2025 году вас ждут незабываемые путешествия и открытия.,0
В 2025 году вы сможете осуществить свои самые смелые планы и мечты.,0
В 2025 году вас ждут радостные моменты и приятные сюрпризы.,0
В 2025 году вы будете чувствовать себя счастливым и успешным человеком.,0
В 2025 году вас ждут удивительные встречи и знакомства.,0
В 2025 году вы сможете осуществить свои самые смелые планы и мечты.,0
В 2025 году вас ждут удивительные открытия и новые возможности для саморазвития.,0
Год будет благоприятным для творчества и самовыражения.,0
В 2025 году вас ожидает множество приятных сюрпризов и радостных моментов.,0
"Вас ждёт успех в делах, которые вы давно планировали начать.",0
В 2025 году здоровье и благополучие станут вашими верными спутниками.,0
Год будет благоприятным для путешествий и новых открытий.,0
"В 2025 году удача будет на вашей стороне, и вы сможете достичь поставленных целей.",0
"Вас ждёт успех в карьере, и вы сможете реализовать свой потенциал.",0
В 2025 году вы обретёте новые интересы и увлечения.,0
В 2025 году вы встретите новых интересных людей.,0
овый год станет временем личностного роста и развития.,0
В 2025 году вы сможете осуществить свои заветные мечты.,0
Вас ждёт успех в финансовых делах.,0
Этот год станет временем гармонии в отношениях с окружающими.,0
Вас ждёт успех в профессиональной деятельности.,0
Год будет благоприятным для реализации творческих идей.,0
В 2025 году вы получите возможность проявить свои лучшие качества.,0
Новый год станет временем радости и счастья.,0
Вас ждёт успех в личных отношениях.,0
Год будет благоприятным для путешествий и изучения новых культур.,0
Вас ждёт удача в финансовых делах.,0
2025 году вы получите возможность проявить свои творческие способности.,0
овый год станет временем радости и счастья.,0
Вас ждёт успех в профессиональной деятельности.,0
Этот год станет временем личностного роста и развития.,0
Вас ждёт успех в реализации творческих идей.,0
2025 году вы получите удовольствие от путешествий и новых открытий.,0
Вас ждёт удача в финансовых делах.,0
Вас ждёт успех в реализации творческих идей.,0
2025 году вы почувствуете прилив энергии и вдохновения.,0
2025 году вы получите удовольствие от отдыха и восстановления сил.,0
Вас ждёт удача в финансовых делах.,0
Год будет благоприятным для путешествий и изучения новых культур.,0
Вас ждёт успех в реализации творческих идей.,0
2025 году вы почувствуете прилив энергии и вдохновения.,0
Год будет благоприятным для путешествий и новых открытий.,0
Новый год станет временем личностного роста и саморазвития.,0
Вас ждёт успех в творческих начинаниях.,0
В 2025 году вы почувствуете прилив энергии и энтузиазма.,0
Новый год станет временем радости и счастья.,0
"Вас ждёт удача в делах, связанных с работой или бизнесом.",0
В 2025 году вы почувствуете прилив вдохновения и новых идей.,0
Вас ждёт удача в финансовой сфере.,0
Год будет благоприятным для путешествий и новых открытий.,0
2025 году вы найдёте в себе новые таланты.,0
В 2025 году вас ждут великие свершения — верьте в свои силы.,0
В 2025 году каждый день будет наполнен радостью и счастьем.,0
В 2025 году каждое утро будет начинаться с улыбки и благодарности.,0
В 2025 году вы найдете вдохновение в самых неожиданных местах.,0
В 2025 году ваши мечты начнут сбываться с удивительной скоростью.,0
В 2025 году вас ждут удивительные путешествия и открытия.,0
В 2025 году вас ждут незабываемые моменты с семьей и друзьями.,0
В 2025 году вы сможете осуществить свои самые смелые планы.,0
В 2025 году вас ждут приятные сюрпризы и подарки.,0
В 2025 году вы будете чувствовать себя невероятно счастливым человеком.,0
В 2025 году вас ждут новые знакомства и интересные встречи.,0
В 2025 году вы будете окружены позитивными и добрыми людьми.,0
В 2025 году вы сможете осуществить свои самые заветные мечты.,0
В 2025 году вас ждут удивительные приключения и впечатления.,0
В 2025 году вас ждут незабываемые путешествия и открытия.,0
В 2025 году вы сможете осуществить свои самые смелые планы и мечты.,0
В 2025 году вас ждут незабываемые путешествия и открытия.,0
В 2025 году вы сможете осуществить свои самые смелые планы и мечты.,0
В 2025 году вас ждут удивительные встречи и знакомства.,0
"В 2025 году вы сможете достичь всего, что задумали и запланировали.",0
В 2025 году ваши мечты начнут сбываться.,0
"Открыв свое сердце, вы подарите миру свет.",0
На вашем пути будут только добрые встречи.,0
В 2025 году счастье станет вашим постоянным спутником.,0
Принимайте каждый новый день с благодарностью.,0
Вы создадите незабываемые воспоминания с близкими.,0
В 2025 году вы поймете силу своей энергии.,0
"Следуя своим сердечным импульсам, вы найдете гармонию.",0
Улыбки людей вокруг создадут круговорот тепла.,0
Каждый новый день приведет к чудесным открытиям.,0
В 2025 году забудьте о страхах — только вперед!,0
"Доброта, которую вы дарите, вернется к вам вдвойне.",0
Откройте глаза на красоту вокруг — она вдохновляет.,0
Вас ждут моменты волшебства в каждом дне.,0
Проявляйте благодарность — это ключ к счастью.,0
Каждый случайный момент может стать особенным.,0
Пусть ваша интуиция ведет к новым свершениям.,0
Настройте себя на позитивные изменения — они близко.,0
Бегство от рутины приведет к новым открытиям.,0
Вы привнесете в мир свою красоту и радость.,0
В 2025 году смех откроет множество дверей.,0
Ваше увлечение станет источником неиссякаемого вдохновения.,0
Каждое ваше слово отразит любовь и мудрость.,0
В этом году вы испытаете истинное единение с природой.,0
"Наступает время, когда мечты становятся реальностью.",0
"Отпустив прошлое, вы откроете новую главу жизни.",0
Ваши страсти откроют двери к долгожданным переменам.,0
В 2025 году вы обретете любимое занятие для души.,0
Новый год — ваш шанс стать вдохновением для других.,0
Вы станете источником света для других людей.,0
В 2025 году ваше сердце станет проводником счастья.,0
"Всё, что вы ищете, уже внутри вас.",0
Удивительные знакомства ожидают вас в этом году.,0
Вы откроете новые горизонты и радости жизни.,0
Ощущение счастья будет с вами ежедневно — замечайте.,0
Разрешите себе мечтать — это ключ к успеху.,0
Объедините свои таланты с новыми возможностями в работе.,0
Новый год станет началом новых взаимоотношений.,0
Ваша улыбка станет источником вдохновения для других.,0
Откройте свое сердце — оно обретёт мощную силу.,0
2025 год будет полон незабываемых моментов с близкими.,0
Ваш внутренний свет будет освещать все вокруг.,0
"Вы свяжетесь с природой, обретете тихий покой.",0
В каждом мгновении есть красота — научитесь ценить.,0
"Создайте традиции, которые принесут радость вам и вашим близким.",0
Вы ощутите себя частью чего-то большего — удивительного.,0
Путешествие к своим мечтам начнется в Новом Году.,0
Ваша внутреняя сила позволит вам быть лидером.,0
Этот год — время для реализации смелых идей.,0
Вы будете вдохновлены окружающим миром и красотой.,0
В этом году вы будете вдохновением для других.,0
2025 год наполнит вашу жизнь яркими моментами.,0
Вы откроете для себя новый источник вдохновения в 2025 году.,0
Ощушение волшебства будет всегда рядом с вами.,0
Ваша искренность станет привлекательной для окружающих.,0
В 2025 году вы ощутите подъем своей энергии.,0
Каждое утро дарит новую возможность — используйте её.,0
2025 год — это время для самовыражения и творчества.,0
Ваша доброта станет магнитом для новых связей.,0
Рядом с вами будут верные единомышленники и друзья.,0
Уделяйте время своим увлечениям — это важно для вас.,0
Вы создадите атмосферу уюта и тепла в доме.,0
В 2025 году начнется новая эра ваших свершений.,0
2025 год станет годом вашего личного роста.,0
2025 год принесёт удивительные достижения и радость.,0
"В 2025 году вы будете сиять ярче, чем когда-либо.",0
Каждое ваше решение станет ключевым для успеха.,0
Ваша вера в себя сделает чудеса возможными.,0
2025 год принесет множество приятных сюрпризов.,0
2025 год позволит раскрыть все ваши таланты.,0
2025 год поможет сформировать надежные связи со всеми.,0
2025 год принесет уникальные возможности — воспользуйтесь ими!,0
2025 - это год ваших побед и радостных свершений.,0
Ваша творческая энергия приведет к удивительным проектам.,0
Пробуждение чувств станет основой вашего счастья.,0
2025 год принесет изобилие счастья и радости.,0
2025 год станет временем тепла и любви в сердца.,0
Сердечные разговоры украсят ваши дни в новом году.,0
2025 год станет полным радостных открытий и достижений.,0
В 2025 году ваши идеи вдохновят окружающих на новые свершения.,0
В 2025 году вы найдете гармонию в каждом мгновении.,0
В 2025 году каждый шаг будет вести к успеху.,0
В 2025 году ваша энергия притянет только положительные события.,0
В 2025 году вас ждет множество приятных сюрпризов.,0
В 2025 вы наполните жизнь радостью и светом.,0
В 2025 каждый ваш выбор станет шагом к мечте.,0
В 2025 году вашей жизни придаст яркость искреннее общение.,0
В 2025 году уверенность в себе приведет к великим достижениям.,0
В 2025 каждый день будет возможностью для роста и развития.,0
В 2025 году вы станете магнитом для хороших событий.,0
В 2025 в каждом взгляде найдёте отражение вашего внутреннего света.,0
В 2025 году стремитесь к своим целям с радостью и оптимизмом.,0
В 2025 году вы станете автором своей удивительной истории счастья.,0
В 2025 году ваш внутренний свет будет освещать путь другим.,0
В 2025 году каждый день станет шагом к великой мечте.,0
В 2025 вся ваша работа станет предметом гордости.,0
В 2025 году каждая встреча будет значимой и особенной.,0
В 2025 году ваша креативность откроет новые горизонты.,0
В 2025 году ваша аура будет манить позитивных людей.,0