fio,table
Абдуллина Регина,20
Абидова Юлия,42
Абрамов Александр,37
Авхадеев Артур,14
Агафонов Александр,33
Аглюков Ильмир,39
Акишин Дмитрий,22
Алексеев Евгений,42
Аллахвердиев Галиб,10
Аллахвердиев Рагиб,2
Алякимов Рушан,19
Андреева Альбина,8
Анисимова Екатерина,17
Анохина Полина,19
Антипова Анастасия,36
Антипова Валентина,23
Антонов Андрей,3
Армянинова Анна,12
Аскаров Нияз,5
Астафьева Карима,10
Аханова Юлия,17
Ахматнурова Карина,27
Ахметова Лилия,30
Ахметханова Алина,13
Бабанова Татьяна,21
Баговиев Радик,4
Бадретдинова Фания,16
Барановская Арина,42
Бахтина Маргарита,34
Белов Олег,43
Бикчантаев Данияр,11
Большаков Дмитрий,33
Борисов Даниил,10
Бородулина Ольга,8
Бояринова Кристина,7
Булатова Айгуль,35
Бушкова Кристина,31
Бырин Денис,4
Валеева Юлия,12
Валиев Дамир,4
Валиева Гузель,5
Валиева Лиана,15
Васильев Роман,27
Вахитов Ильнар,37
Воробьев Алексей,23
Габбасова Айжан,16
Габдулхаев Ренат,21
Газизуллина Азиза,30
Гайнутдинов Ильнур,26
Гайнутдинова Регина,40
Галеева Эльвира,31
Галикеева Алия,23
Галимзянова Эльвина,10
Галимов Артур,8
Галимов Ильнар,26
Галиуллина Лилия,7
Галкина Олеся,34
Ганеев Ренат,25
Ганиуллина Айсылу,39
Гаптрахманова Регина,8
Гарипова Эльвира,5
Гатина Эльвира,17
Гизатуллин Ильсур,45
Гизатуллин Руслан,28
Гильмутдинов Раиль,24
Гильмутдинова Лилия,5
Гилязеева Динара,15
Голев Андрей,14
Гранченко Екатерина,9
Гришанина Юлия,31
Груздева Татьяна,27
Губайдуллин Ильшат,4
Гумеров Булат,6
Гумеров Искандер,4
Гущин Антон,23
Давиденко Ирина,9
Дьяконова Ольга,31
Егорочкина Елена,5
Емельянова Римма,40
Ермаков Андрей,9
Ермишкина Надежда,11
Ерхова Виктория,27
Ефимкина Анастасия,9
Журавлев Никита,9
Закирова Ляйсан,31
Залялиева Алсу,20
Зарипов Айрат,22
Зверева Наталья,18
Зогот Даниэль,34
Зорин Роман,13
Зорина Валерия,36
Зубатова Анастасия,23
Зубова Мария,28
Иванова Анна,16
Ивачёв Александр,44
Ильин Евгений,39
Ильясова Алия,30
Иркин Айрат,24
Исмагилова Наиля,35
Исхакова Лилия,15
Исхакова Эльвина,18
Кабаева Анастасия,3
Кадеева Виолетта,7
Казанцев Сергей,33
Калимуллин Рафаиль,43
Каримова Алия,41
Карманов Олег,6
Карпова Анна,41
Касанова Наталья,3
Касаткина Олеся,32
Каткова Айгуль,12
Кашаев Алексей,44
Кириллова Арина,41
Кириченко Катерина,23
Кислицын Андрей,3
Киямова Резеда,40
Кожевников Артур,1
Кожевников Вячеслав,22
Коновалова Алина,15
Коробчук Сергей,7
Коротков Илья,36
Кривошей Ульяна,27
Крюков Андрей,37
Кузин Петр,32
Кузнецов Александр,20
Кузнецова Евгения,18
Кузнецова Лилия,45
Кузнецова Яна,38
Куликов Александр,11
Лабунец Римма,16
Латыпов Альмир,1
Леднев Михаил,12
Лесюк Ксения,28
⁠Магдалианидис Владимир,2
Магдеев Марсель,45
Маннанов Тимур,12
Марков Олег,22
Марченко Александр,23
Массарова Миляуша,10
Махиянов Фанис,44
Машина Кристина,26
Меркулова Мария,26
Мингазутдинова Гульнара,29
Мингалеев Тимур,24
Мингалиев Денис,14
Миннибаев Альберт,6
Миронов Максим,13
Миронов Сергей,43
Мифтахова Айсылу,38
Михайлова Ольга,24
Моисеева Евгения,14
Мошкова Татьяна,30
Мубаракшина Юлия,9
Муликова Альбина,33
Мулюков Дамир,29
Мухаметшина Алсу,30
Нагимова Елена,14
Нажмиева Юлия,45
Назаров Рустем,20
Назарова Алия,31
Накоскина Анастасия,21
Нигматуллина Гульназ,32
Никитина Алина,45
Никифорова Алиса,8
Никишина Дарья,43
Николаева Юлия,18
Новикова Ирина,36
Новосельцева Ирина,19
Носкова Оксана,11
Нурутдинов Нияз,1
Образцова Наталья,1
Осянина Алена,4
Пальцев Сергей,39
Панфутов Кирилл,25
Папченко Наталья,5
Патлай Айлина,6
Перцева Елена,25
Перьянов Сергей,36
Пилюгина Диана,30
Пирожков Алексей,26
Плахина Юлия,24
Полякова Глафира,39
⁠Попов Станислав,2
Пудов Игорь,26
Пудофеева Елена,14
Рафикова Альбина,1
Рахимова Татьяна,28
Ржин Валерий,12
Рзаева Дилара,42
Романова Анна,7
Романова Эрика,17
Рыжкин Артем,11
Рыжкова Дарья,17
Сабиров Ильгиз,37
Сабирова Калиса,42
Савельева Яна,23
Сагдиев Альфред,34
Садриев Ильмир,20
Сайфутдинов Рустам,21
Салаева Елизавета,2
Салахов Ленар,14
Салахова Алисэ,24
Салахутдинов Булат,1
Салихзянова Наиля,21
Саляхутдинов Расим,32
Саттарова Альбина,25
Сафин Ильнар,38
Сафиуллин Артур,32
Сафиуллин Роберт,38
Сафиуллина Алсу,15
Семочкина Ольга,12
Сердюк Дмитрий,9
Силантьев Никита,24
Сингатуллин Радомир,21
Синичкина Диана,41
Сиразетдинов Ильнур,8
Скотарь Екатерина,3
Соколовский Артем,39
Спиридонова Алена,25
Спиридонова Екатерина,41
Степанов Андрей,25
Субботин Дмитрий,43
Тагирова Зульфия,37
Тарадеева Нина,14
Таран Марина,16
Тарасов Алексей,2
Тарасова Татьяна,7
Тарыкин Артём,10
Тихонова Валерия,29
Тихонова Мария,8
Токарева Олеся,6
Токарева Юлия,40
Топорова Людмила,15
Туркова Елена,6
Тухбатуллин Адель,10
Тухватуллина Диляра,37
Уржумова Екатерина,13
Урюпин Артем,6
Усков Александр,24
Утнасунов Санал,35
Фазулзянова Аделя,29
Файзрахманов Руслан,13
Файзрахманова Алина,2
Фасхиева Алсу,8
Фатхутдинов Салават,21
Фахрутдинова Алсу,22
Федоренко Анастасия,16
Фёдорова Эльза,41
Федорова Юлия,15
Федотова Анастасия,40
Фирсов Алексей,44
Фондис Алина,5
Хайруллина Алия,34
Хакамов Алексей,7
Халилов Радик,13
Халилова Рита,2
Хасанов Илнар,28
Хасанов Ирек,38
Хасаншина Наиля,19
Хахуля Дмитрий,15
Хаялиев Ильнур,3
Храмухин Сергей,33
Хусаинова Земфира,40
Цыганков Артем,9
Чернов Олег,33
Чугунов Алексей,34
Чулошников Денис,11
Чуприна Юлия,44
Чурбанов Александр,13
Шабалин Владимир,20
Шабалина Анна,45
Шабашов Роман,1
Шавловская Юлия,21
Шагеева Гулия,4
Шайхутдинова Залия,32
Шайхутдинова Чулпан,19
Шакиров Дамир,13
Шакирова Наиля,6
Шарипов Артем,1
Шарипова Элина,5
Шарипова Юлия,17
Шаронин Николай,11
Шаяхметова Альбина,29
Швецова Ульяна,35
Шишкина Фарида,11
Шушаков Артём,7
Щербатова Валерия,27
Эйдус Борис,12
Яичникова Наталья,22
Якимов Александр,22
Якимова Алена,38
Яковлева Анастасия,19
Якупова Эльвира,18
Ямалеева Айгуль,20
Ямашева Алина,28
Яруллин Айрат,44
Яруллин Булат,35